{"definiciones":{"fardería":"Definicion1?\nDefinicion2?\nDefinicion3?","galbanero":"Definicion1?\nDefinicion2?\nDefinicion3?","inseguramente":"Definicion1?\nDefinicion2?\nDefinicion3?","colaboración":"Definicion1?\nDefinicion2?\nDefinicion3?","infidelidad":"Definicion1?\nDefinicion2?\nDefinicion3?","carnestolendas":"Definicion1?\nDefinicion2?\nDefinicion3?","huesera":"Definicion1?\nDefinicion2?\nDefinicion3?","descacilar":"Definicion1?\nDefinicion2?\nDefinicion3?","escuna":"Definicion1?\nDefinicion2?\nDefinicion3?","amazonense":"Definicion1?\nDefinicion2?\nDefinicion3?","halterófilo":"Definicion1?\nDefinicion2?\nDefinicion3?","ebanista":"Definicion1?\nDefinicion2?\nDefinicion3?","desrielar":"Definicion1?\nDefinicion2?\nDefinicion3?","traspaso":"Definicion1?\nDefinicion2?\nDefinicion3?","butano":"Definicion1?\nDefinicion2?\nDefinicion3?","estrella":"Definicion1?\nDefinicion2?\nDefinicion3?","tipiadora":"Definicion1?\nDefinicion2?\nDefinicion3?","mujerona":"Definicion1?\nDefinicion2?\nDefinicion3?","carditis":"Definicion1?\nDefinicion2?\nDefinicion3?","eclosión":"Definicion1?\nDefinicion2?\nDefinicion3?","plebe":"Definicion1?\nDefinicion2?\nDefinicion3?","caspolino":"Definicion1?\nDefinicion2?\nDefinicion3?","voluntariedad":"Definicion1?\nDefinicion2?\nDefinicion3?","arroyarse":"Definicion1?\nDefinicion2?\nDefinicion3?","bonote":"Definicion1?\nDefinicion2?\nDefinicion3?","aperreado":"Definicion1?\nDefinicion2?\nDefinicion3?","resfalosa":"Definicion1?\nDefinicion2?\nDefinicion3?","isotónico":"Definicion1?\nDefinicion2?\nDefinicion3?","conversivo":"Definicion1?\nDefinicion2?\nDefinicion3?","arsolla":"Definicion1?\nDefinicion2?\nDefinicion3?","malawiano":"Definicion1?\nDefinicion2?\nDefinicion3?","verdugal":"Definicion1?\nDefinicion2?\nDefinicion3?","despilfarrado":"Definicion1?\nDefinicion2?\nDefinicion3?","picapica":"Definicion1?\nDefinicion2?\nDefinicion3?","bermejear":"Definicion1?\nDefinicion2?\nDefinicion3?","llano":"Definicion1?\nDefinicion2?\nDefinicion3?","deszulacar":"Definicion1?\nDefinicion2?\nDefinicion3?","ranchera":"Definicion1?\nDefinicion2?\nDefinicion3?","tanto":"Definicion1?\nDefinicion2?\nDefinicion3?","liria":"Definicion1?\nDefinicion2?\nDefinicion3?","coña":"Definicion1?\nDefinicion2?\nDefinicion3?","biministro":"Definicion1?\nDefinicion2?\nDefinicion3?","enalmagrar":"Definicion1?\nDefinicion2?\nDefinicion3?","cajería":"Definicion1?\nDefinicion2?\nDefinicion3?","anagogía":"Definicion1?\nDefinicion2?\nDefinicion3?","candelero":"Definicion1?\nDefinicion2?\nDefinicion3?","jaloneo":"Definicion1?\nDefinicion2?\nDefinicion3?","pestíferamente":"Definicion1?\nDefinicion2?\nDefinicion3?","caminero":"Definicion1?\nDefinicion2?\nDefinicion3?","entretela":"Definicion1?\nDefinicion2?\nDefinicion3?","cartográfico":"Definicion1?\nDefinicion2?\nDefinicion3?","rauco":"Definicion1?\nDefinicion2?\nDefinicion3?","envión":"Definicion1?\nDefinicion2?\nDefinicion3?","piquiña":"Definicion1?\nDefinicion2?\nDefinicion3?","cinámico":"Definicion1?\nDefinicion2?\nDefinicion3?","ebriedad":"Definicion1?\nDefinicion2?\nDefinicion3?","papeletizar":"Definicion1?\nDefinicion2?\nDefinicion3?","morcal":"Definicion1?\nDefinicion2?\nDefinicion3?","anglicanizado":"Definicion1?\nDefinicion2?\nDefinicion3?","lucrativo":"Definicion1?\nDefinicion2?\nDefinicion3?","conyugicida":"Definicion1?\nDefinicion2?\nDefinicion3?","cuatrín":"Definicion1?\nDefinicion2?\nDefinicion3?","bribia":"Definicion1?\nDefinicion2?\nDefinicion3?","dispierto":"Definicion1?\nDefinicion2?\nDefinicion3?","taquimecanógrafo":"Definicion1?\nDefinicion2?\nDefinicion3?","zutuhil":"Definicion1?\nDefinicion2?\nDefinicion3?","achicharronar":"Definicion1?\nDefinicion2?\nDefinicion3?","plató":"Definicion1?\nDefinicion2?\nDefinicion3?","enchinar":"Definicion1?\nDefinicion2?\nDefinicion3?","remorar":"Definicion1?\nDefinicion2?\nDefinicion3?","remullir":"Definicion1?\nDefinicion2?\nDefinicion3?","taurios":"Definicion1?\nDefinicion2?\nDefinicion3?","cocuy":"Definicion1?\nDefinicion2?\nDefinicion3?","demarraje":"Definicion1?\nDefinicion2?\nDefinicion3?"},"horizontales":[["d","e","s","z","u","l","a","c","a","r"," ","c","a","n","d","e","l","e","r","o"," ","e","n","a","l","m","a","g","r","a","r"," ","e","n","v","i","ó","n"," ","d","i","s","p","i","e","r","t","o"],[" "," "," "," "," "," "," "," "," "," "," "," "," "," "," "," "," "," "," "," "," "," "," "," "," "," "," "," "," "," "," "," "," "," "," "," "," "," "," "," "," "," "," "," "," "," "," "," "],["f","a","r","d","e","r","í","a"," ","t","r","a","s","p","a","s","o"," ","h","u","e","s","e","r","a"," ","v","e","r","d","u","g","a","l"," ","i","n","s","e","g","u","r","a","m","e","n","t","e"],[" "," "," "," "," "," "," "," "," "," "," "," "," "," "," "," "," "," "," "," "," "," "," "," "," "," "," "," "," "," "," "," "," "," "," "," "," "," "," "," "," "," "," "," "," "," "," "," "],["b","i","m","i","n","i","s","t","r","o"," ","l","l","a","n","o"," ","e","c","l","o","s","i","ó","n"," ","t","a","n","t","o"," ","t","a","q","u","i","m","e","c","a","n","ó","g","r","a","f","o"],[" "," "," "," "," "," "," "," "," "," "," "," "," "," "," "," "," "," "," "," "," "," "," "," "," "," "," "," "," "," "," "," "," "," "," "," "," "," "," "," "," "," "," "," "," "," "," "," "],["g","a","l","b","a","n","e","r","o"," ","a","n","a","g","o","g","í","a"," ","c","a","s","p","o","l","i","n","o"," ","p","l","e","b","e"," ","a","c","h","i","c","h","a","r","r","o","n","a","r"],[" "," "," "," "," "," "," "," "," "," "," "," "," "," "," "," "," "," "," "," "," "," "," "," "," "," "," "," "," "," "," "," "," "," "," "," "," "," "," "," "," "," "," "," "," "," "," "," "],["b","u","t","a","n","o"," ","m","a","l","a","w","i","a","n","o"," ","a","p","e","r","r","e","a","d","o"," ","t","a","u","r","i","o","s"," ","v","o","l","u","n","t","a","r","i","e","d","a","d"],[" "," "," "," "," "," "," "," "," "," "," "," "," "," "," "," "," "," "," "," "," "," "," "," "," "," "," "," "," "," "," "," "," "," "," "," "," "," "," "," "," "," "," "," "," "," "," "," "],["i","n","f","i","d","e","l","i","d","a","d"," ","d","e","s","r","i","e","l","a","r"," ","z","u","t","u","h","i","l"," ","a","r","r","o","y","a","r","s","e"," ","p","i","c","a","p","i","c","a"],[" "," "," "," "," "," "," "," "," "," "," "," "," "," "," "," "," "," "," "," "," "," "," "," "," "," "," "," "," "," "," "," "," "," "," "," "," "," "," "," "," "," "," "," "," "," "," "," "],["c","o","l","a","b","o","r","a","c","i","ó","n"," ","b","o","n","o","t","e"," ","c","o","n","y","u","g","i","c","i","d","a"," ","e","n","c","h","i","n","a","r"," ","c","a","j","e","r","í","a"],[" "," "," "," "," "," "," "," "," "," "," "," "," "," "," "," "," "," "," "," "," "," "," "," "," "," "," "," "," "," "," "," "," "," "," "," "," "," "," "," "," "," "," "," "," "," "," "," "],["i","s","o","t","ó","n","i","c","o"," ","e","s","c","u","n","a"," ","e","n","t","r","e","t","e","l","a"," ","c","u","a","t","r","í","n"," ","d","e","s","p","i","l","f","a","r","r","a","d","o"],[" "," "," "," "," "," "," "," "," "," "," "," "," "," "," "," "," "," "," "," "," "," "," "," "," "," "," "," "," "," "," "," "," "," "," "," "," "," "," "," "," "," "," "," "," "," "," "," "],["b","r","i","b","i","a"," ","h","a","l","t","e","r","ó","f","i","l","o"," ","c","a","r","n","e","s","t","o","l","e","n","d","a","s"," ","t","i","p","i","a","d","o","r","a"," ","c","o","ñ","a"],[" "," "," "," "," "," "," "," "," "," "," "," "," "," "," "," "," "," "," "," "," "," "," "," "," "," "," "," "," "," "," "," "," "," "," "," "," "," "," "," "," "," "," "," "," "," "," "," "],["c","a","r","t","o","g","r","á","f","i","c","o"," ","b","e","r","m","e","j","e","a","r"," ","c","o","c","u","y"," ","a","m","a","z","o","n","e","n","s","e"," ","r","a","n","c","h","e","r","a"],[" "," "," "," "," "," "," "," "," "," "," "," "," "," "," "," "," "," "," "," "," "," "," "," "," "," "," "," "," "," "," "," "," "," "," "," "," "," "," "," "," "," "," "," "," "," "," "," "],["c","o","n","v","e","r","s","i","v","o"," ","d","e","s","c","a","c","i","l","a","r"," ","r","e","m","u","l","l","i","r"," ","c","i","n","á","m","i","c","o"," ","c","a","r","d","i","t","i","s"],[" "," "," "," "," "," "," "," "," "," "," "," "," "," "," "," "," "," "," "," "," "," "," "," "," "," "," "," "," "," "," "," "," "," "," "," "," "," "," "," "," "," "," "," "," "," "," "," "],["l","u","c","r","a","t","i","v","o"," ","r","e","s","f","a","l","o","s","a"," ","r","e","m","o","r","a","r"," ","e","s","t","r","e","l","l","a"," ","p","a","p","e","l","e","t","i","z","a","r"],[" "," "," "," "," "," "," "," "," "," "," "," "," "," "," "," "," "," "," "," "," "," "," "," "," "," "," "," "," "," "," "," "," "," "," "," "," "," "," "," "," "," "," "," "," "," "," "," "],["m","u","j","e","r","o","n","a"," ","j","a","l","o","n","e","o"," ","a","n","g","l","i","c","a","n","i","z","a","d","o"," ","e","b","r","i","e","d","a","d"," ","e","b","a","n","i","s","t","a"],[" "," "," "," "," "," "," "," "," "," "," "," "," "," "," "," "," "," "," "," "," "," "," "," "," "," "," "," "," "," "," "," "," "," "," "," "," "," "," "," "," "," "," "," "," "," "," "," "],["p","i","q","u","i","ñ","a"," ","m","o","r","c","a","l"," ","d","e","m","a","r","r","a","j","e"," ","p","e","s","t","í","f","e","r","a","m","e","n","t","e"," ","c","a","m","i","n","e","r","o"]],"verticales":[[" "," "," "," "," "," "," "," "," "," "," "," ","a"," "," "," "," "," "," "," "," "," "," "," "," "," "," "," "," "," ","r"," "," "," "," "," "," "," "," "," "," "," ","p"," "," "," "," "," "],[" "," "," "," "," "," "," "," "," "," "," "," ","r"," "," "," "," "," "," "," "," "," "," "," "," "," "," "," "," "," ","a"," "," "," "," "," "," "," "," "," "," "," ","l"," "," "," "," "," "],[" "," "," "," "," "," "," "," "," "," "," "," ","s"," "," "," "," "," "," "," "," "," "," "," "," "," "," "," "," "," ","u"," "," "," "," "," "," "," "," "," "," "," ","a"," "," "," "," "," "],[" "," "," "," "," "," "," "," "," "," "," "," ","o"," "," "," "," "," "," "," "," "," "," "," "," "," "," "," "," "," ","c"," "," "," "," "," "," "," "," "," "," "," ","t"," "," "," "," "," "],[" "," "," "," "," "," "," "," "," "," "," "," ","l"," "," "," "," "," "," "," "," "," "," "," "," "," "," "," "," "," ","o"," "," "," "," "," "," "," "," "," "," "," ","ó"," "," "," "," "," "],[" "," "," "," "," "," "," "," "," "," "," "," ","l"," "," "," "," "," "," "," "," "," "," "," "," "," "," "," "," "," "," "," "," "," "," "," "," "," "," "," "," "," "," "," "," "," "," "," "],[" "," "," "," "," "," "," "," "," "," "," "," ","a"," "," "," "," "," "," "," "," "," "," "," "," "," "," "," "," "," ","l"," "," "," "," "," "," "," "," "," "," "," "," "," "," "," "," "," "],[" "," "," "," "," "," "," "," "," "," "," "," "," "," "," "," "," "," "," "," "," "," "," "," "," "," "," "," "," "," ","i"," "," "," "," "," "," "," "," "," "," "," "," "," "," "," "," "," "],[" "," "," "," "," "," "," "," "," "," "," "," "," "," "," "," "," "," "," "," "," "," "," "," "," "," "," "," "," "," ","r"," "," "," "," "," "," "," "," "," "," "," "," "," "," "," "," "," "],[" "," "," "," "," "," "," "," "," "," "," "," "," "," "," "," "," "," "," "," "," "," "," "," "," "," "," "," "," "," ","i"," "," "," "," "," "," "," "," "," "," "," "," "," "," "," "," "," "],[" "," "," "," "," "," "," "," "," "," "," "," "," "," "," "," "," "," "," "," "," "," "," "," "," "," "," "," "," "," ","a"," "," "," "," "," "," "," "," "," "," "," "," "," "," "," "," "," "],[" "," "," "," "," "," "," "," "," "," "," "," "," "," "," "," "," "," "," "," "," "," "," "," "," "," "," "," "," "," "," "," "," "," "," "," "," "," "," "," "," "," "," "," "," "," "," "," "],[" "," "," "," "," "," "," "," "," "," "," "," "," "," "," "," "," "," "," "," "," "," "," "," "," "," "," "," "," "," "," "," "," "," "," "," "," "," "," "," "," "," "," "," "," "," "," "," "],[" "," "," "," "," "," "," "," "," "," "," "," "," "," "," "," "," "," "," "," "," "," "," "," "," "," "," "," "," "," "," "," "," "," "," "," "," "," "," "," "," "," "," "," "," "," "," "," "],[" "," "," "," "," "," "," "," "," "," "," "," "," "," "," "," "," "," "," "," "," "," "," "," "," "," "," "," "," "," "," "," "," "," "," "," "," "," "," "," "," "," "," "," "," "," "," "," "],[" "," "," "," "," "," "," "," "," "," "," "," "," "," "," "," "," "," "," "," "," "," "," "," "," "," "," "," "," "," "," "," "," "," "," "," "," "," "," "," "," "," "," "," "," "," "," "," "],[" "," "," "," "," "," "," "," "," "," "," "," "," "," "," "," "," "," "," "," "," "," "," "," "," "," "," "," "," "," "," "," "," "," "," "," "," "," "," "," "," "," "," "," "," "," "," "," "],[" "," "," "," "," "," "," "," "," "," "," "," "," "," "," "," "," "," "," "," "," "," "," "," "," "," "," "," "," "," "," "," "," "," "," "," "," "," "," "," "," "," "," "," "," "," "," "," "],[" "," "," "," "," "," "," "," "," "," "," "," "," "," "," "," "," "," "," "," "," "," "," "," "," "," "," "," "," "," "," "," "," "," "," "," "," "," "," "," "," "," "," "," "," "," "," "," "],[" "," "," "," "," "," "," "," "," "," "," "," "," "," "," "," "," "," "," "," "," "," "," "," "," "," "," "," "," "," "," "," "," "," "," "," "," "," "," "," "," "," "," "," "," "," "," "," "],[" "," "," "," "," "," "," "," "," "," "," "," "," "," "," "," "," "," "," "," "," "," "," "," "," "," "," "," "," "," "," "," "," "," "," "," "," "," "," "," "," "," "," "," "," "," "," "," "],[" "," "," "," "," "," "," "," "," "," "," "," "," "," "," "," "," "," "," "," "," "," "," "," "," "," "," "," "," "," "," "," "," "," "," "," "," "," "," "," "," "," "," "," "," "," "," "," "],[" "," "," "," "," "," "," "," "," "," "," "," "," "," "," "," "," "," "," "," "," "," "," "," "," "," "," "," "," "," "," "," "," "," "," "," "," "," "," "," "," "," "," "," "," "," "," "," "],[" "," "," "," "," "," "," "," "," "," "," "," "," "," "," "," "," "," "," "," "," "," "," "," "," "," "," "," "," "," "," "," "," "," "," "," "," "," "," "," "," "," "," "," "," "," "," "," "],[" "," "," "," "," "," "," "," "," "," "," "," "," "," "," "," "," "," "," "," "," "," "," "," "," "," "," "," "," "," "," "," "," "," "," "," "," "," "," "," "," "," "," "," "," "," "," "," "],[" "," "," "," "," "," "," "," "," "," "," "," "," "," "," "," "," "," "," "," "," "," "," "," "," "," "," "," "," "," "," "," "," "," "," "," "," "," "," "," "," "," "," "," "," "," "," "," "],[" "," "," "," "," "," "," "," "," "," "," "," "," "," "," "," "," "," "," "," "," "," "," "," "," "," "," "," "," "," "," "," "," "," "," "," "," "," "," "," "," "," "," "," "," "," "," "," "]],"numeros":[[1,0,0,0,0,0,0,0,0,0,0,2,71,0,0,0,0,0,0,0,0,3,0,0,0,0,0,0,0,0,72,0,4,0,0,0,0,0,0,5,0,0,74,0,0,0,0,0],[0,0,0,0,0,0,0,0,0,0,0,0,0,0,0,0,0,0,0,0,0,0,0,0,0,0,0,0,0,0,0,0,0,0,0,0,0,0,0,0,0,0,0,0,0,0,0,0],[6,0,0,0,0,0,0,0,0,7,0,0,0,0,0,0,0,0,8,0,0,0,0,0,0,0,9,0,0,0,0,0,0,0,0,10,0,0,0,0,0,0,0,0,0,0,0,0],[0,0,0,0,0,0,0,0,0,0,0,0,0,0,0,0,0,0,0,0,0,0,0,0,0,0,0,0,0,0,0,0,0,0,0,0,0,0,0,0,0,0,0,0,0,0,0,0],[11,0,0,0,0,0,0,0,0,0,0,12,0,0,0,0,0,13,0,0,0,0,0,0,0,0,14,0,0,0,0,0,15,0,0,0,0,0,0,0,0,0,0,0,0,0,0,0],[0,0,0,0,0,0,0,0,0,0,0,0,0,0,0,0,0,0,0,0,0,0,0,0,0,0,0,0,0,0,0,0,0,0,0,0,0,0,0,0,0,0,0,0,0,0,0,0],[16,0,0,0,0,0,0,0,0,0,17,0,0,0,0,0,0,0,0,18,0,0,0,0,0,0,0,0,0,19,73,0,0,0,0,20,0,0,0,0,0,0,0,0,0,0,0,0],[0,0,0,0,0,0,0,0,0,0,0,0,0,0,0,0,0,0,0,0,0,0,0,0,0,0,0,0,0,0,0,0,0,0,0,0,0,0,0,0,0,0,0,0,0,0,0,0],[21,0,0,0,0,0,0,22,0,0,0,0,0,0,0,0,0,23,0,0,0,0,0,0,0,0,0,24,0,0,0,0,0,0,0,25,0,0,0,0,0,0,0,0,0,0,0,0],[0,0,0,0,0,0,0,0,0,0,0,0,0,0,0,0,0,0,0,0,0,0,0,0,0,0,0,0,0,0,0,0,0,0,0,0,0,0,0,0,0,0,0,0,0,0,0,0],[26,0,0,0,0,0,0,0,0,0,0,0,27,0,0,0,0,0,0,0,0,0,28,0,0,0,0,0,0,0,29,0,0,0,0,0,0,0,0,0,30,0,0,0,0,0,0,0],[0,0,0,0,0,0,0,0,0,0,0,0,0,0,0,0,0,0,0,0,0,0,0,0,0,0,0,0,0,0,0,0,0,0,0,0,0,0,0,0,0,0,0,0,0,0,0,0],[31,0,0,0,0,0,0,0,0,0,0,0,0,32,0,0,0,0,0,0,33,0,0,0,0,0,0,0,0,0,0,0,34,0,0,0,0,0,0,0,0,35,0,0,0,0,0,0],[0,0,0,0,0,0,0,0,0,0,0,0,0,0,0,0,0,0,0,0,0,0,0,0,0,0,0,0,0,0,0,0,0,0,0,0,0,0,0,0,0,0,0,0,0,0,0,0],[36,0,0,0,0,0,0,0,0,0,37,0,0,0,0,0,0,38,0,0,0,0,0,0,0,0,0,39,0,0,0,0,0,0,0,40,0,0,0,0,0,0,0,0,0,0,0,0],[0,0,0,0,0,0,0,0,0,0,0,0,0,0,0,0,0,0,0,0,0,0,0,0,0,0,0,0,0,0,0,0,0,0,0,0,0,0,0,0,0,0,0,0,0,0,0,0],[41,0,0,0,0,0,0,42,0,0,0,0,0,0,0,0,0,0,0,43,0,0,0,0,0,0,0,0,0,0,0,0,0,0,44,0,0,0,0,0,0,0,0,0,45,0,0,0],[0,0,0,0,0,0,0,0,0,0,0,0,0,0,0,0,0,0,0,0,0,0,0,0,0,0,0,0,0,0,0,0,0,0,0,0,0,0,0,0,0,0,0,0,0,0,0,0],[46,0,0,0,0,0,0,0,0,0,0,0,0,47,0,0,0,0,0,0,0,0,0,48,0,0,0,0,0,49,0,0,0,0,0,0,0,0,0,0,50,0,0,0,0,0,0,0],[0,0,0,0,0,0,0,0,0,0,0,0,0,0,0,0,0,0,0,0,0,0,0,0,0,0,0,0,0,0,0,0,0,0,0,0,0,0,0,0,0,0,0,0,0,0,0,0],[51,0,0,0,0,0,0,0,0,0,0,52,0,0,0,0,0,0,0,0,0,0,53,0,0,0,0,0,0,0,0,54,0,0,0,0,0,0,0,0,55,0,0,0,0,0,0,0],[0,0,0,0,0,0,0,0,0,0,0,0,0,0,0,0,0,0,0,0,0,0,0,0,0,0,0,0,0,0,0,0,0,0,0,0,0,0,0,0,0,0,0,0,0,0,0,0],[56,0,0,0,0,0,0,0,0,0,57,0,0,0,0,0,0,0,0,0,58,0,0,0,0,0,0,0,59,0,0,0,0,0,0,0,0,60,0,0,0,0,0,0,0,0,0,0],[0,0,0,0,0,0,0,0,0,0,0,0,0,0,0,0,0,0,0,0,0,0,0,0,0,0,0,0,0,0,0,0,0,0,0,0,0,0,0,0,0,0,0,0,0,0,0,0],[61,0,0,0,0,0,0,0,0,62,0,0,0,0,0,0,0,63,0,0,0,0,0,0,0,0,0,0,0,0,0,64,0,0,0,0,0,0,0,0,65,0,0,0,0,0,0,0],[0,0,0,0,0,0,0,0,0,0,0,0,0,0,0,0,0,0,0,0,0,0,0,0,0,0,0,0,0,0,0,0,0,0,0,0,0,0,0,0,0,0,0,0,0,0,0,0],[66,0,0,0,0,0,0,0,67,0,0,0,0,0,0,68,0,0,0,0,0,0,0,0,0,69,0,0,0,0,0,0,0,0,0,0,0,0,0,0,70,0,0,0,0,0,0,0]],"horizPairsList":[{"1":"deszulacar"},{"2":"candelero"},{"3":"enalmagrar"},{"4":"envión"},{"5":"dispierto"},{"6":"fardería"},{"7":"traspaso"},{"8":"huesera"},{"9":"verdugal"},{"10":"inseguramente"},{"11":"biministro"},{"12":"llano"},{"13":"eclosión"},{"14":"tanto"},{"15":"taquimecanógrafo"},{"16":"galbanero"},{"17":"anagogía"},{"18":"caspolino"},{"19":"plebe"},{"20":"achicharronar"},{"21":"butano"},{"22":"malawiano"},{"23":"aperreado"},{"24":"taurios"},{"25":"voluntariedad"},{"26":"infidelidad"},{"27":"desrielar"},{"28":"zutuhil"},{"29":"arroyarse"},{"30":"picapica"},{"31":"colaboración"},{"32":"bonote"},{"33":"conyugicida"},{"34":"enchinar"},{"35":"cajería"},{"36":"isotónico"},{"37":"escuna"},{"38":"entretela"},{"39":"cuatrín"},{"40":"despilfarrado"},{"41":"bribia"},{"42":"halterófilo"},{"43":"carnestolendas"},{"44":"tipiadora"},{"45":"coña"},{"46":"cartográfico"},{"47":"bermejear"},{"48":"cocuy"},{"49":"amazonense"},{"50":"ranchera"},{"51":"conversivo"},{"52":"descacilar"},{"53":"remullir"},{"54":"cinámico"},{"55":"carditis"},{"56":"lucrativo"},{"57":"resfalosa"},{"58":"remorar"},{"59":"estrella"},{"60":"papeletizar"},{"61":"mujerona"},{"62":"jaloneo"},{"63":"anglicanizado"},{"64":"ebriedad"},{"65":"ebanista"},{"66":"piquiña"},{"67":"morcal"},{"68":"demarraje"},{"69":"pestíferamente"},{"70":"caminero"}],"vertiPairList":[{"71":"arsolla"},{"72":"rauco"},{"73":"liria"},{"74":"plató"}],"listVerticales":["arsolla","rauco","liria","plató"],"listHorizontales":["deszulacar","candelero","enalmagrar","envión","dispierto","fardería","traspaso","huesera","verdugal","inseguramente","biministro","llano","eclosión","tanto","taquimecanógrafo","galbanero","anagogía","caspolino","plebe","achicharronar","butano","malawiano","aperreado","taurios","voluntariedad","infidelidad","desrielar","zutuhil","arroyarse","picapica","colaboración","bonote","conyugicida","enchinar","cajería","isotónico","escuna","entretela","cuatrín","despilfarrado","bribia","halterófilo","carnestolendas","tipiadora","coña","cartográfico","bermejear","cocuy","amazonense","ranchera","conversivo","descacilar","remullir","cinámico","carditis","lucrativo","resfalosa","remorar","estrella","papeletizar","mujerona","jaloneo","anglicanizado","ebriedad","ebanista","piquiña","morcal","demarraje","pestíferamente","caminero"]}