{"definiciones":{"gajorro":"Definicion1?\nDefinicion2?\nDefinicion3?","súbdito":"Definicion1?\nDefinicion2?\nDefinicion3?","boleto":"Definicion1?\nDefinicion2?\nDefinicion3?","penalizador":"Definicion1?\nDefinicion2?\nDefinicion3?","barrial":"Definicion1?\nDefinicion2?\nDefinicion3?","lurte":"Definicion1?\nDefinicion2?\nDefinicion3?","jai":"Definicion1?\nDefinicion2?\nDefinicion3?","cocho":"Definicion1?\nDefinicion2?\nDefinicion3?","arrutinar":"Definicion1?\nDefinicion2?\nDefinicion3?","romí":"Definicion1?\nDefinicion2?\nDefinicion3?","intransitable":"Definicion1?\nDefinicion2?\nDefinicion3?","selectas":"Definicion1?\nDefinicion2?\nDefinicion3?","asnal":"Definicion1?\nDefinicion2?\nDefinicion3?","encostarse":"Definicion1?\nDefinicion2?\nDefinicion3?","ojota":"Definicion1?\nDefinicion2?\nDefinicion3?","sóror":"Definicion1?\nDefinicion2?\nDefinicion3?","chipe":"Definicion1?\nDefinicion2?\nDefinicion3?","pedazo":"Definicion1?\nDefinicion2?\nDefinicion3?","roblizo":"Definicion1?\nDefinicion2?\nDefinicion3?","cargante":"Definicion1?\nDefinicion2?\nDefinicion3?","hora":"Definicion1?\nDefinicion2?\nDefinicion3?","irrespeto":"Definicion1?\nDefinicion2?\nDefinicion3?","eraje":"Definicion1?\nDefinicion2?\nDefinicion3?","bordelesa":"Definicion1?\nDefinicion2?\nDefinicion3?","cipresino":"Definicion1?\nDefinicion2?\nDefinicion3?","nóstico":"Definicion1?\nDefinicion2?\nDefinicion3?","plata":"Definicion1?\nDefinicion2?\nDefinicion3?","parel":"Definicion1?\nDefinicion2?\nDefinicion3?","tenor":"Definicion1?\nDefinicion2?\nDefinicion3?","coguionista":"Definicion1?\nDefinicion2?\nDefinicion3?","chinama":"Definicion1?\nDefinicion2?\nDefinicion3?","algabeño":"Definicion1?\nDefinicion2?\nDefinicion3?","anquiderribado":"Definicion1?\nDefinicion2?\nDefinicion3?","nueza":"Definicion1?\nDefinicion2?\nDefinicion3?","sucesor":"Definicion1?\nDefinicion2?\nDefinicion3?","amormío":"Definicion1?\nDefinicion2?\nDefinicion3?","faldar":"Definicion1?\nDefinicion2?\nDefinicion3?","mayordomear":"Definicion1?\nDefinicion2?\nDefinicion3?","llavero":"Definicion1?\nDefinicion2?\nDefinicion3?","dodo":"Definicion1?\nDefinicion2?\nDefinicion3?","cachiporra":"Definicion1?\nDefinicion2?\nDefinicion3?","chapona":"Definicion1?\nDefinicion2?\nDefinicion3?","insecticida":"Definicion1?\nDefinicion2?\nDefinicion3?","defeccionar":"Definicion1?\nDefinicion2?\nDefinicion3?","aries":"Definicion1?\nDefinicion2?\nDefinicion3?","salve":"Definicion1?\nDefinicion2?\nDefinicion3?","leasing":"Definicion1?\nDefinicion2?\nDefinicion3?","cosante":"Definicion1?\nDefinicion2?\nDefinicion3?","trivial":"Definicion1?\nDefinicion2?\nDefinicion3?","hurtado":"Definicion1?\nDefinicion2?\nDefinicion3?","percochar":"Definicion1?\nDefinicion2?\nDefinicion3?","láureo":"Definicion1?\nDefinicion2?\nDefinicion3?","raro":"Definicion1?\nDefinicion2?\nDefinicion3?","neo":"Definicion1?\nDefinicion2?\nDefinicion3?","sobrevivir":"Definicion1?\nDefinicion2?\nDefinicion3?","vellocino":"Definicion1?\nDefinicion2?\nDefinicion3?","acaso":"Definicion1?\nDefinicion2?\nDefinicion3?","disímbolo":"Definicion1?\nDefinicion2?\nDefinicion3?","fuchi":"Definicion1?\nDefinicion2?\nDefinicion3?","ideal":"Definicion1?\nDefinicion2?\nDefinicion3?","matraquista":"Definicion1?\nDefinicion2?\nDefinicion3?","tabinete":"Definicion1?\nDefinicion2?\nDefinicion3?","esplendente":"Definicion1?\nDefinicion2?\nDefinicion3?","fragancia":"Definicion1?\nDefinicion2?\nDefinicion3?","hormigonar":"Definicion1?\nDefinicion2?\nDefinicion3?","cascajera":"Definicion1?\nDefinicion2?\nDefinicion3?","trémolo":"Definicion1?\nDefinicion2?\nDefinicion3?","precaución":"Definicion1?\nDefinicion2?\nDefinicion3?","blasfemar":"Definicion1?\nDefinicion2?\nDefinicion3?","piquería":"Definicion1?\nDefinicion2?\nDefinicion3?","ami":"Definicion1?\nDefinicion2?\nDefinicion3?","alear":"Definicion1?\nDefinicion2?\nDefinicion3?","devolver":"Definicion1?\nDefinicion2?\nDefinicion3?","atravesaño":"Definicion1?\nDefinicion2?\nDefinicion3?","crematorio":"Definicion1?\nDefinicion2?\nDefinicion3?","huao":"Definicion1?\nDefinicion2?\nDefinicion3?","clase":"Definicion1?\nDefinicion2?\nDefinicion3?","debut":"Definicion1?\nDefinicion2?\nDefinicion3?","tupido":"Definicion1?\nDefinicion2?\nDefinicion3?","monga":"Definicion1?\nDefinicion2?\nDefinicion3?","crinado":"Definicion1?\nDefinicion2?\nDefinicion3?","abemolar":"Definicion1?\nDefinicion2?\nDefinicion3?","trayectoria":"Definicion1?\nDefinicion2?\nDefinicion3?","juratoria":"Definicion1?\nDefinicion2?\nDefinicion3?","almaro":"Definicion1?\nDefinicion2?\nDefinicion3?","clisterizar":"Definicion1?\nDefinicion2?\nDefinicion3?","filético":"Definicion1?\nDefinicion2?\nDefinicion3?","quinesiología":"Definicion1?\nDefinicion2?\nDefinicion3?","pachá":"Definicion1?\nDefinicion2?\nDefinicion3?","caulífero":"Definicion1?\nDefinicion2?\nDefinicion3?","semble":"Definicion1?\nDefinicion2?\nDefinicion3?","icono":"Definicion1?\nDefinicion2?\nDefinicion3?","yátaro":"Definicion1?\nDefinicion2?\nDefinicion3?","uva":"Definicion1?\nDefinicion2?\nDefinicion3?","deípara":"Definicion1?\nDefinicion2?\nDefinicion3?","alopatía":"Definicion1?\nDefinicion2?\nDefinicion3?","ajolín":"Definicion1?\nDefinicion2?\nDefinicion3?","daifa":"Definicion1?\nDefinicion2?\nDefinicion3?","sobaquillo":"Definicion1?\nDefinicion2?\nDefinicion3?","chifla":"Definicion1?\nDefinicion2?\nDefinicion3?","decania":"Definicion1?\nDefinicion2?\nDefinicion3?","maricona":"Definicion1?\nDefinicion2?\nDefinicion3?","inmensidad":"Definicion1?\nDefinicion2?\nDefinicion3?","ocultador":"Definicion1?\nDefinicion2?\nDefinicion3?","menda":"Definicion1?\nDefinicion2?\nDefinicion3?","encontilar":"Definicion1?\nDefinicion2?\nDefinicion3?","ilion":"Definicion1?\nDefinicion2?\nDefinicion3?"},"horizontales":[["m","e","n","d","a"," ","e","n","c","o","s","t","a","r","s","e"," ","d","e","f","e","c","c","i","o","n","a","r"," ","c","h","a","p","o","n","a"," ","c","o","g","u","i","o","n","i","s","t","a"],[" "," "," "," "," "," "," "," "," "," "," "," "," "," "," "," "," "," "," "," "," "," "," "," "," "," "," "," "," "," "," "," "," "," "," "," "," "," "," "," "," "," "," "," "," "," "," "," "],["t","a","b","i","n","e","t","e"," ","b","o","r","d","e","l","e","s","a"," ","d","i","s","í","m","b","o","l","o"," ","c","a","s","c","a","j","e","r","a"," ","j","u","r","a","t","o","r","i","a"],[" "," "," "," "," "," "," "," "," "," "," "," "," "," "," "," "," "," "," "," "," "," "," "," "," "," "," "," "," "," "," "," "," "," "," "," "," "," "," "," "," "," "," "," "," "," "," "," "],["p","e","n","a","l","i","z","a","d","o","r"," ","p","r","e","c","a","u","c","i","ó","n"," ","n","ó","s","t","i","c","o"," ","y","á","t","a","r","o"," ","c","r","e","m","a","t","o","r","i","o"],[" "," "," "," "," "," "," "," "," "," "," "," "," "," "," "," "," "," "," "," "," "," "," "," "," "," "," "," "," "," "," "," "," "," "," "," "," "," "," "," "," "," "," "," "," "," "," "," "],["b","l","a","s","f","e","m","a","r"," ","s","e","m","b","l","e"," ","e","s","p","l","e","n","d","e","n","t","e"," ","d","e","v","o","l","v","e","r"," ","s","o","b","a","q","u","i","l","l","o"],[" "," "," "," "," "," "," "," "," "," "," "," "," "," "," "," "," "," "," "," "," "," "," "," "," "," "," "," "," "," "," "," "," "," "," "," "," "," "," "," "," "," "," "," "," "," "," "," "],["m","a","r","i","c","o","n","a"," ","c","h","i","n","a","m","a"," ","c","a","c","h","i","p","o","r","r","a"," ","a","b","e","m","o","l","a","r"," ","i","n","s","e","c","t","i","c","i","d","a"],[" "," "," "," "," "," "," "," "," "," "," "," "," "," "," "," "," "," "," "," "," "," "," "," "," "," "," "," "," "," "," "," "," "," "," "," "," "," "," "," "," "," "," "," "," "," "," "," "],["l","e","a","s","i","n","g"," ","f","a","l","d","a","r"," ","a","n","q","u","i","d","e","r","r","i","b","a","d","o"," ","f","r","a","g","a","n","c","i","a"," ","p","i","q","u","e","r","í","a"],[" "," "," "," "," "," "," "," "," "," "," "," "," "," "," "," "," "," "," "," "," "," "," "," "," "," "," "," "," "," "," "," "," "," "," "," "," "," "," "," "," "," "," "," "," "," "," "," "],["s","o","b","r","e","v","i","v","i","r"," ","s","ú","b","d","i","t","o"," ","v","e","l","l","o","c","i","n","o"," ","s","e","l","e","c","t","a","s"," ","i","n","m","e","n","s","i","d","a","d"],[" "," "," "," "," "," "," "," "," "," "," "," "," "," "," "," "," "," "," "," "," "," "," "," "," "," "," "," "," "," "," "," "," "," "," "," "," "," "," "," "," "," "," "," "," "," "," "," "],["e","n","c","o","n","t","i","l","a","r"," ","c","a","r","g","a","n","t","e"," ","d","o","d","o"," ","a","r","i","e","s"," ","c","h","i","f","l","a"," ","h","o","r","m","i","g","o","n","a","r"],[" "," "," "," "," "," "," "," "," "," "," "," "," "," "," "," "," "," "," "," "," "," "," "," "," "," "," "," "," "," "," "," "," "," "," "," "," "," "," "," "," "," "," "," "," "," "," "," "],["r","o","b","l","i","z","o"," ","a","r","r","u","t","i","n","a","r"," ","a","l","g","a","b","e","ñ","o"," ","i","r","r","e","s","p","e","t","o"," ","m","a","y","o","r","d","o","m","e","a","r"],[" "," "," "," "," "," "," "," "," "," "," "," "," "," "," "," "," "," "," "," "," "," "," "," "," "," "," "," "," "," "," "," "," "," "," "," "," "," "," "," "," "," "," "," "," "," "," "," "],["o","c","u","l","t","a","d","o","r"," ","a","j","o","l","í","n"," ","r","a","r","o"," ","t","u","p","i","d","o"," ","t","r","a","y","e","c","t","o","r","i","a"," ","h","u","r","t","a","d","o"],[" "," "," "," "," "," "," "," "," "," "," "," "," "," "," "," "," "," "," "," "," "," "," "," "," "," "," "," "," "," "," "," "," "," "," "," "," "," "," "," "," "," "," "," "," "," "," "," "],["c","a","u","l","í","f","e","r","o"," ","p","e","r","c","o","c","h","a","r"," ","c","l","i","s","t","e","r","i","z","a","r"," ","f","i","l","é","t","i","c","o"," ","d","e","c","a","n","i","a"],[" "," "," "," "," "," "," "," "," "," "," "," "," "," "," "," "," "," "," "," "," "," "," "," "," "," "," "," "," "," "," "," "," "," "," "," "," "," "," "," "," "," "," "," "," "," "," "," "],["t","e","n","o","r"," ","a","l","m","a","r","o"," ","i","l","i","o","n"," ","s","e","l","e","c","t","a","s"," ","q","u","i","n","e","s","i","o","l","o","g","í","a"," ","l","á","u","r","e","o"],[" "," "," "," "," "," "," "," "," "," "," "," "," "," "," "," "," "," "," "," "," "," "," "," "," "," "," "," "," "," "," "," "," "," "," "," "," "," "," "," "," "," "," "," "," "," "," "," "],["h","u","a","o"," ","h","o","r","a"," ","p","e","d","a","z","o"," ","a","t","r","a","v","e","s","a","ñ","o"," ","p","l","a","t","a"," ","r","o","m","í"," ","c","i","p","r","e","s","i","n","o"],[" "," "," "," "," "," "," "," "," "," "," "," "," "," "," "," "," "," "," "," "," "," "," "," "," "," "," "," "," "," "," "," "," "," "," "," "," "," "," "," "," "," "," "," "," "," "," "," "],["j","a","i"," ","b","o","l","e","t","o"," ","a","l","o","p","a","t","í","a"," ","a","m","o","r","m","í","o"," ","c","h","i","f","l","a"," ","i","n","t","r","a","n","s","i","t","a","b","l","e"]],"verticales":[[" ","e"," ","d","a"," "," ","n"," "," "," "," "," "," ","s"," "," "," "," "," "," ","c"," "," "," "," "," "," "," ","c"," "," ","p"," "," ","a"," "," "," ","g"," "," "," "," ","i","s","t","a"],[" ","r"," ","a","s"," "," ","u"," "," "," "," "," "," ","a"," "," "," "," "," "," ","o"," "," "," "," "," "," "," ","o"," "," ","a"," "," ","l"," "," "," ","a"," "," "," "," ","c","ó","r","c"],[" ","a"," ","i","n"," "," ","e"," "," "," "," "," "," ","l"," "," "," "," "," "," ","s"," "," "," "," "," "," "," ","c"," "," ","c"," "," ","e"," "," "," ","j"," "," "," "," ","o","r","i","a"],[" ","j"," ","f","a"," "," ","z"," "," "," "," "," "," ","v"," "," "," "," "," "," ","a"," "," "," "," "," "," "," ","h"," "," ","h"," "," ","a"," "," "," ","o"," "," "," "," ","n","o","v","s"],[" ","e"," ","a","l"," "," ","a"," "," "," "," "," "," ","e"," "," "," "," "," "," ","n"," "," "," "," "," "," "," ","o"," "," ","á"," "," ","r"," "," "," ","r"," "," "," "," ","o","r","i","o"],[" "," "," "," "," "," "," "," "," "," "," "," "," "," "," "," "," "," "," "," "," ","t"," "," "," "," "," "," "," "," "," "," "," "," "," "," "," "," "," ","r"," "," "," "," "," "," ","a"," "],[" ","l"," "," ","f"," "," "," "," "," "," "," ","m"," "," "," "," "," "," "," "," ","e"," "," "," "," "," "," "," "," "," "," ","o"," "," "," "," "," "," ","o"," "," "," "," "," "," ","l"," "],[" ","l"," "," ","u"," "," "," "," "," "," "," ","o"," "," "," "," "," "," "," "," "," "," "," "," "," "," "," "," "," "," "," ","j"," "," "," "," "," "," "," "," "," "," "," "," "," "," "," "],[" ","a"," "," ","c"," "," "," "," "," "," "," ","n"," "," "," "," "," "," "," "," ","i","p"," "," "," "," "," "," "," "," "," ","o"," "," "," "," "," "," "," "," "," "," "," "," "," ","d"," "],[" ","v"," "," ","h"," "," "," "," "," "," "," ","g"," "," "," "," "," "," "," "," ","d","a"," "," "," "," "," "," "," "," "," ","t"," "," "," "," "," "," "," "," "," "," "," "," "," ","e"," "],[" ","e"," "," ","i"," "," "," "," "," "," "," ","a"," "," "," "," "," "," "," "," ","e","r"," "," "," "," "," "," "," "," "," ","a"," "," "," "," "," "," "," "," "," "," "," "," "," ","í"," "],[" ","r"," "," "," "," "," "," "," "," "," "," "," "," "," "," "," "," "," "," "," ","a","e"," "," "," "," "," "," "," "," "," "," "," "," "," "," "," "," "," "," "," "," "," "," "," ","p"," "],[" ","o"," "," "," "," "," "," "," "," "," "," "," ","b"," "," "," "," "," "," "," ","l","l"," "," "," "," "," "," "," "," "," "," ","c"," "," "," "," "," "," "," "," "," "," "," "," ","a"," "],[" "," "," "," "," "," "," "," "," "," "," "," "," ","a"," "," "," "," "," "," "," "," "," "," "," "," "," "," "," "," "," "," "," ","h"," "," "," "," "," "," "," "," "," "," "," "," ","r"," "],[" ","n"," "," "," "," "," "," "," "," "," "," "," ","r"," "," "," "," "," "," "," "," ","d"," "," "," "," "," "," "," "," "," "," ","i"," "," "," "," "," "," "," "," "," "," "," "," ","a"," "],[" ","e"," "," "," "," "," "," "," "," "," "," "," ","r"," "," "," "," "," "," "," "," ","e"," "," "," "," "," "," "," "," "," "," ","p"," "," "," "," "," "," "," "," "," "," "," "," "," "," "],[" ","o"," "," "," "," "," "," "," "," "," "," "," ","i"," "," "," "," "," "," "," "," ","b"," "," "," "," "," "," "," "," "," "," ","e"," "," "," "," "," "," "," "," "," "," ","m"," "," "," "],[" "," "," "," "," "," "," "," "," "," "," "," "," ","a"," "," "," "," "," "," "," "," ","u"," "," "," "," "," "," "," "," "," "," "," "," "," "," "," "," "," "," "," "," "," ","a"," "," "," "],[" ","c"," "," "," "," "," "," "," "," "," "," "," ","l"," "," "," "," "," "," "," "," ","t"," "," "," "," "," "," "," "," "," "," "," "," ","t"," "," "," "," "," "," "," "," ","t"," "," "," "],[" ","l"," "," "," "," "," "," "," "," "," "," "," "," "," "," "," "," "," "," "," "," "," "," "," "," "," "," "," "," "," "," "," "," "," ","r"," "," "," "," "," "," "," "," ","r"," "," "," "],[" ","a"," "," "," "," "," "," "," "," "," "," "," ","c"," "," "," "," "," "," "," "," "," ","s"," "," "," "," "," "," "," "," "," "," "," ","é"," "," "," "," "," "," "," "," ","a"," "," "," "],[" ","s"," "," "," "," "," "," "," "," "," "," "," ","r"," "," "," "," "," "," "," "," "," ","u"," "," "," "," "," "," "," "," "," "," "," ","m"," "," "," "," "," "," "," "," ","q"," "," "," "],[" ","e"," "," "," "," "," ","l"," "," "," "," "," ","i"," "," "," "," "," "," "," "," "," ","c"," "," "," "," "," "," "," "," "," "," "," ","o"," "," "," "," "," "," "," "," ","u"," "," "," "],[" "," "," "," "," "," "," ","u"," "," "," "," "," ","n"," "," "," "," "," "," "," "," "," ","e"," "," "," "," "," "," "," "," "," "," "," ","l"," "," "," "," "," "," "," "," ","i"," "," "," "],[" ","u"," "," "," "," "," ","r"," "," "," "," "," ","a"," "," "," "," "," "," "," "," "," ","s"," "," "," "," "," "," ","a"," "," "," "," ","o"," "," "," "," "," "," "," "," ","s"," "," "," "],[" ","v"," "," "," "," "," ","t"," "," "," "," "," ","d"," "," "," "," "," "," "," "," "," ","o"," "," "," "," "," "," ","m"," "," "," "," "," "," "," "," "," "," "," "," "," ","t"," "," "," "],[" ","a"," "," "," "," "," ","e"," "," "," "," "," ","o"," "," "," "," "," "," "," "," "," ","r"," "," "," "," "," "," ","i"," "," "," "," "," "," "," "," "," "," "," "," "," ","a"," "," "," "]],"numeros":[[1,77,0,82,83,0,2,85,0,0,0,0,0,0,90,0,0,3,0,0,0,91,0,0,0,0,0,0,0,4,0,0,97,0,0,100,0,5,0,102,0,0,0,0,103,105,106,108],[0,0,0,0,0,0,0,0,0,0,0,0,0,0,0,0,0,0,0,0,0,0,0,0,0,0,0,0,0,0,0,0,0,0,0,0,0,0,0,0,0,0,0,0,0,0,0,0],[6,0,0,0,0,0,0,0,0,7,0,0,0,0,0,0,0,0,0,8,0,0,0,0,0,0,0,0,0,9,0,0,0,0,0,0,0,0,0,10,0,0,0,0,0,0,0,0],[0,0,0,0,0,0,0,0,0,0,0,0,0,0,0,0,0,0,0,0,0,0,0,0,0,0,0,0,0,0,0,0,0,0,0,0,0,0,0,0,0,0,0,0,0,0,0,0],[11,0,0,0,0,0,0,0,0,0,0,0,12,0,0,0,0,0,0,0,0,0,0,13,0,0,0,0,0,0,0,14,0,0,0,0,0,0,15,0,0,0,0,0,0,0,0,0],[0,0,0,0,0,0,0,0,0,0,0,0,0,0,0,0,0,0,0,0,0,0,0,0,0,0,0,0,0,0,0,0,0,0,0,0,0,0,0,0,0,0,0,0,0,0,0,0],[16,78,0,0,84,0,0,0,0,0,17,0,87,0,0,0,0,18,0,0,0,0,0,0,0,0,0,0,0,19,0,0,98,0,0,0,0,0,20,0,0,0,0,0,0,0,0,0],[0,0,0,0,0,0,0,0,0,0,0,0,0,0,0,0,0,0,0,0,0,0,0,0,0,0,0,0,0,0,0,0,0,0,0,0,0,0,0,0,0,0,0,0,0,0,0,0],[21,0,0,0,0,0,0,0,0,22,0,0,0,0,0,0,0,23,0,0,0,92,93,0,0,0,0,0,24,0,0,0,0,0,0,0,0,25,0,0,0,0,0,0,0,0,107,0],[0,0,0,0,0,0,0,0,0,0,0,0,0,0,0,0,0,0,0,0,0,0,0,0,0,0,0,0,0,0,0,0,0,0,0,0,0,0,0,0,0,0,0,0,0,0,0,0],[26,0,0,0,0,0,0,0,27,0,0,0,0,0,0,28,0,0,0,0,0,0,0,0,0,0,0,0,0,0,29,0,0,0,0,0,0,0,0,0,30,0,0,0,0,0,0,0],[0,0,0,0,0,0,0,0,0,0,0,0,0,0,0,0,0,0,0,0,0,0,0,0,0,0,0,0,0,0,0,0,0,0,0,0,0,0,0,0,0,0,0,0,0,0,0,0],[31,0,0,0,0,0,0,0,0,0,0,32,0,88,0,0,0,0,0,33,0,0,0,0,0,0,0,0,0,34,0,0,0,99,0,0,0,0,35,0,0,0,0,0,0,0,0,0],[0,0,0,0,0,0,0,0,0,0,0,0,0,0,0,0,0,0,0,0,0,0,0,0,0,0,0,0,0,0,0,0,0,0,0,0,0,0,0,0,0,0,0,0,0,0,0,0],[36,79,0,0,0,0,0,0,0,0,0,37,0,0,0,0,0,0,0,0,38,0,94,0,0,39,0,0,0,0,0,40,0,0,0,0,0,0,41,0,0,0,0,0,0,0,0,0],[0,0,0,0,0,0,0,0,0,0,0,0,0,0,0,0,0,0,0,0,0,0,0,0,0,0,0,0,0,0,0,0,0,0,0,0,0,0,0,0,0,0,0,0,0,0,0,0],[42,0,0,0,0,0,0,0,43,0,0,0,0,0,0,0,0,0,44,0,0,0,0,0,0,0,0,45,0,0,0,0,0,0,0,0,0,46,0,0,0,0,0,0,104,0,0,0],[0,0,0,0,0,0,0,0,0,0,0,0,0,0,0,0,0,0,0,0,0,0,0,0,0,0,0,0,0,0,0,0,0,0,0,0,0,0,0,0,0,0,0,0,0,0,0,0],[47,80,0,0,0,0,0,0,0,0,48,0,0,0,0,0,0,49,0,0,0,0,50,0,0,0,0,0,0,51,0,0,0,0,0,101,0,0,0,0,0,52,0,0,0,0,0,0],[0,0,0,0,0,0,0,0,0,0,0,0,0,0,0,0,0,0,0,0,0,0,0,0,0,0,0,0,0,0,0,0,0,0,0,0,0,0,0,0,0,0,0,0,0,0,0,0],[53,0,0,0,0,0,0,0,0,0,54,0,0,89,0,0,0,0,0,0,55,0,0,95,0,0,0,0,0,0,0,0,56,0,0,0,0,0,0,0,0,57,0,0,0,0,0,0],[0,0,0,0,0,0,0,0,0,0,0,0,0,0,0,0,0,0,0,0,0,0,0,0,0,0,0,0,0,0,0,0,0,0,0,0,0,0,0,0,0,0,0,0,0,0,0,0],[58,0,0,0,0,0,59,86,0,0,0,0,0,60,0,0,0,0,0,61,0,0,0,0,0,0,0,0,62,0,0,0,0,0,0,0,0,0,0,0,0,0,63,0,0,0,0,0],[0,0,0,0,0,0,0,0,0,0,0,0,0,0,0,0,0,0,0,0,0,0,0,0,0,0,0,0,0,0,0,0,0,0,0,0,0,0,0,0,0,0,0,0,0,0,0,0],[64,81,0,0,0,65,0,0,0,0,66,0,0,0,0,0,0,67,0,0,0,0,0,0,0,0,0,0,68,0,96,0,0,0,69,0,0,0,0,70,0,0,0,0,0,0,0,0],[0,0,0,0,0,0,0,0,0,0,0,0,0,0,0,0,0,0,0,0,0,0,0,0,0,0,0,0,0,0,0,0,0,0,0,0,0,0,0,0,0,0,0,0,0,0,0,0],[71,0,0,0,72,0,0,0,0,0,0,73,0,0,0,0,0,0,0,0,74,0,0,0,0,0,0,0,75,0,0,0,0,0,0,76,0,0,0,0,0,0,0,0,0,0,0,0]],"horizPairsList":[{"1":"menda"},{"2":"encostarse"},{"3":"defeccionar"},{"4":"chapona"},{"5":"coguionista"},{"6":"tabinete"},{"7":"bordelesa"},{"8":"disímbolo"},{"9":"cascajera"},{"10":"juratoria"},{"11":"penalizador"},{"12":"precaución"},{"13":"nóstico"},{"14":"yátaro"},{"15":"crematorio"},{"16":"blasfemar"},{"17":"semble"},{"18":"esplendente"},{"19":"devolver"},{"20":"sobaquillo"},{"21":"maricona"},{"22":"chinama"},{"23":"cachiporra"},{"24":"abemolar"},{"25":"insecticida"},{"26":"leasing"},{"27":"faldar"},{"28":"anquiderribado"},{"29":"fragancia"},{"30":"piquería"},{"31":"sobrevivir"},{"32":"súbdito"},{"33":"vellocino"},{"34":"selectas"},{"35":"inmensidad"},{"36":"encontilar"},{"37":"cargante"},{"38":"dodo"},{"39":"aries"},{"40":"chifla"},{"41":"hormigonar"},{"42":"roblizo"},{"43":"arrutinar"},{"44":"algabeño"},{"45":"irrespeto"},{"46":"mayordomear"},{"47":"ocultador"},{"48":"ajolín"},{"49":"raro"},{"50":"tupido"},{"51":"trayectoria"},{"52":"hurtado"},{"53":"caulífero"},{"54":"percochar"},{"55":"clisterizar"},{"56":"filético"},{"57":"decania"},{"58":"tenor"},{"59":"almaro"},{"60":"ilion"},{"61":"selectas"},{"62":"quinesiología"},{"63":"láureo"},{"64":"huao"},{"65":"hora"},{"66":"pedazo"},{"67":"atravesaño"},{"68":"plata"},{"69":"romí"},{"70":"cipresino"},{"71":"jai"},{"72":"boleto"},{"73":"alopatía"},{"74":"amormío"},{"75":"chifla"},{"76":"intransitable"}],"vertiPairList":[{"77":"eraje"},{"78":"llavero"},{"79":"neo"},{"80":"clase"},{"81":"uva"},{"82":"daifa"},{"83":"asnal"},{"84":"fuchi"},{"85":"nueza"},{"86":"lurte"},{"87":"monga"},{"88":"barrial"},{"89":"crinado"},{"90":"salve"},{"91":"cosante"},{"92":"ideal"},{"93":"parel"},{"94":"debut"},{"95":"sucesor"},{"4":"cocho"},{"96":"ami"},{"97":"pachá"},{"98":"ojota"},{"99":"chipe"},{"100":"alear"},{"101":"trémolo"},{"102":"gajorro"},{"103":"icono"},{"104":"matraquista"},{"105":"sóror"},{"106":"trivial"},{"107":"deípara"},{"108":"acaso"}],"listVerticales":["eraje","llavero","neo","clase","uva","daifa","asnal","fuchi","nueza","lurte","monga","barrial","crinado","salve","cosante","ideal","parel","debut","sucesor","cocho","ami","pachá","ojota","chipe","alear","trémolo","gajorro","icono","matraquista","sóror","trivial","deípara","acaso"],"listHorizontales":["menda","encostarse","defeccionar","chapona","coguionista","tabinete","bordelesa","disímbolo","cascajera","juratoria","penalizador","precaución","nóstico","yátaro","crematorio","blasfemar","semble","esplendente","devolver","sobaquillo","maricona","chinama","cachiporra","abemolar","insecticida","leasing","faldar","anquiderribado","fragancia","piquería","sobrevivir","súbdito","vellocino","selectas","inmensidad","encontilar","cargante","dodo","aries","chifla","hormigonar","roblizo","arrutinar","algabeño","irrespeto","mayordomear","ocultador","ajolín","raro","tupido","trayectoria","hurtado","caulífero","percochar","clisterizar","filético","decania","tenor","almaro","ilion","selectas","quinesiología","láureo","huao","hora","pedazo","atravesaño","plata","romí","cipresino","jai","boleto","alopatía","amormío","chifla","intransitable"]}